name,desc,order,multiplier
winter,,1,26.0714285714286
summer,,2,26.0714285714286
